Batch_ID,Build,TE_ID,Test_Venue,Simulation_Host,SDL,Batch_Attempts,Total_Init_Time,Variant,Run_Type,Ship,Config_File_Name,Script_File_Name,Section_Number,Section_UID,Procedure_Document,P,F,B,U,Issue
94637,40S03.00_R2,147440,MVDL1,mvdl-m06-h01,40S03.00_R2_SysTest,2,568,A,Beta,1,t_VMFF_Rx_CANTCO_Com_Prob_Res.xml,datalinks.vmf.t_VMFF_Rx_CANTCO_Com_Prob_Res.py,8a7436f22e3a78d708e894b901731212ed241c1cc65bea1d2f171f5c16ac84f7,TL_VMFF_571,30R06.00-SIT-230,7,0,0,0,N/A
94638,40S03.00_R2,147399,FARM1,adc-svr-vl621,40S03.00_R2_SysTest,1,1145,A,Beta,1,t_VMFF_Rx_CANTCO_Com_Prob_Res.xml,datalinks.vmf.t_VMFF_Rx_CANTCO_Com_Prob_Res.py,8a7436f22e3a78d708e894b901731212ed241c1cc65bea1d2f171f5c16ac84f7,TL_VMFF_571,30R06.00-SIT-230,7,0,0,0,N/A
94639,40S03.00_R2,147156,FARM1,adc-svr-vl617,40S03.00_R2_SysTest,1,540,A,Beta,1,t_VMFF_Rx_CANTCO_Com_Prob_Res.xml,datalinks.vmf.t_VMFF_Rx_CANTCO_Com_Prob_Res.py,8a7436f22e3a78d708e894b901731212ed241c1cc65bea1d2f171f5c16ac84f7,TL_VMFF_571,30R06.00-SIT-230,7,0,0,0,N/A
94640,40S03.00_R2,147407,MVDL6,mvdl6-m03-h01,40S03.00_R2_SysTest,2,553,A,Beta,1,t_VMFF_Rx_CANTCO_Com_Prob_Res.xml,datalinks.vmf.t_VMFF_Rx_CANTCO_Com_Prob_Res.py,8a7436f22e3a78d708e894b901731212ed241c1cc65bea1d2f171f5c16ac84f7,TL_VMFF_571,30R06.00-SIT-230,7,0,0,0,N/A
94641,40S03.00_R2,147520,FARM1,adc-svr-vl615,40S03.00_R2_SysTest,1,537,A,Beta,1,t_VMFF_Rx_CANTCO_Com_Prob_Res.xml,datalinks.vmf.t_VMFF_Rx_CANTCO_Com_Prob_Res.py,8a7436f22e3a78d708e894b901731212ed241c1cc65bea1d2f171f5c16ac84f7,TL_VMFF_571,30R06.00-SIT-230,7,0,0,0,N/A
94642,40S03.00_R2,147382,FARM1,adc-svr-vl503,40S03.00_R2_SysTest,1,541,A,Beta,1,t_VMFF_Rx_CANTCO_Com_Prob_Res.xml,datalinks.vmf.t_VMFF_Rx_CANTCO_Com_Prob_Res.py,8a7436f22e3a78d708e894b901731212ed241c1cc65bea1d2f171f5c16ac84f7,TL_VMFF_571,30R06.00-SIT-230,7,0,0,0,N/A
94643,40S03.00_R2,147362,FARM1,adc-svr-vl605,40S03.00_R2_SysTest,1,554,A,Beta,1,t_VMFF_Rx_CANTCO_Com_Prob_Res.xml,datalinks.vmf.t_VMFF_Rx_CANTCO_Com_Prob_Res.py,8a7436f22e3a78d708e894b901731212ed241c1cc65bea1d2f171f5c16ac84f7,TL_VMFF_571,30R06.00-SIT-230,7,0,0,0,N/A
94644,40S03.00_R2,147549,FARM1,adc-svr-vl625,40S03.00_R2_SysTest,1,544,A,Beta,1,t_VMFF_Rx_CANTCO_Com_Prob_Res.xml,datalinks.vmf.t_VMFF_Rx_CANTCO_Com_Prob_Res.py,8a7436f22e3a78d708e894b901731212ed241c1cc65bea1d2f171f5c16ac84f7,TL_VMFF_571,30R06.00-SIT-230,7,0,0,0,N/A
94645,40S03.00_R2,147422,FARM1,adc-svr-vl625,40S03.00_R2_SysTest,1,537,A,Beta,1,t_VMFF_Rx_CANTCO_Com_Prob_Res.xml,datalinks.vmf.t_VMFF_Rx_CANTCO_Com_Prob_Res.py,8a7436f22e3a78d708e894b901731212ed241c1cc65bea1d2f171f5c16ac84f7,TL_VMFF_571,30R06.00-SIT-230,7,0,0,0,N/A
94646,40S03.00_R2,147432,MVDL1,mvdl-m02-h01,40S03.00_R2_SysTest,1,579,A,Beta,1,t_VMFF_Rx_CANTCO_Com_Prob_Res.xml,datalinks.vmf.t_VMFF_Rx_CANTCO_Com_Prob_Res.py,8a7436f22e3a78d708e894b901731212ed241c1cc65bea1d2f171f5c16ac84f7,TL_VMFF_571,30R06.00-SIT-230,7,0,0,0,N/A
94647,40S03.00_R2,147528,FARM1,adc-svr-vl621,40S03.00_R2_SysTest,1,1153,A,Beta,1,t_VMFF_Rx_CANTCO_Com_Prob_Res.xml,datalinks.vmf.t_VMFF_Rx_CANTCO_Com_Prob_Res.py,8a7436f22e3a78d708e894b901731212ed241c1cc65bea1d2f171f5c16ac84f7,TL_VMFF_571,30R06.00-SIT-230,7,0,0,0,N/A
94648,40S03.00_R2,147395,MVDL1,mvdl-m01-h01,40S03.00_R2_SysTest,2,603,A,Beta,1,t_VMFF_Rx_CANTCO_Com_Prob_Res.xml,datalinks.vmf.t_VMFF_Rx_CANTCO_Com_Prob_Res.py,8a7436f22e3a78d708e894b901731212ed241c1cc65bea1d2f171f5c16ac84f7,TL_VMFF_571,30R06.00-SIT-230,7,0,0,0,N/A
94649,40S03.00_R2,147527,FARM1,adc-svr-vl611,40S03.00_R2_SysTest,1,563,A,Beta,1,t_VMFF_Rx_CANTCO_Com_Prob_Res.xml,datalinks.vmf.t_VMFF_Rx_CANTCO_Com_Prob_Res.py,8a7436f22e3a78d708e894b901731212ed241c1cc65bea1d2f171f5c16ac84f7,TL_VMFF_571,30R06.00-SIT-230,7,0,0,0,N/A
94650,40S03.00_R2,147503,FARM1,adc-svr-vl625,40S03.00_R2_SysTest,2,562,A,Beta,1,t_VMFF_Rx_CANTCO_Com_Prob_Res.xml,datalinks.vmf.t_VMFF_Rx_CANTCO_Com_Prob_Res.py,8a7436f22e3a78d708e894b901731212ed241c1cc65bea1d2f171f5c16ac84f7,TL_VMFF_571,30R06.00-SIT-230,7,0,0,0,N/A
94651,40S03.00_R2,147161,FARM1,adc-svr-vl533,40S03.00_R2_SysTest,1,554,A,Beta,1,t_VMFF_Rx_CANTCO_Com_Prob_Res.xml,datalinks.vmf.t_VMFF_Rx_CANTCO_Com_Prob_Res.py,8a7436f22e3a78d708e894b901731212ed241c1cc65bea1d2f171f5c16ac84f7,TL_VMFF_571,30R06.00-SIT-230,7,0,0,0,N/A
94652,40S03.00_R2,147361,FARM1,adc-svr-vl611,40S03.00_R2_SysTest,1,554,A,Beta,1,t_VMFF_Rx_CANTCO_Com_Prob_Res.xml,datalinks.vmf.t_VMFF_Rx_CANTCO_Com_Prob_Res.py,8a7436f22e3a78d708e894b901731212ed241c1cc65bea1d2f171f5c16ac84f7,TL_VMFF_571,30R06.00-SIT-230,7,0,0,0,N/A
94653,40S03.00_R2,147159,FARM1,adc-svr-vl619,40S03.00_R2_SysTest,1,547,A,Beta,1,t_VMFF_Rx_CANTCO_Com_Prob_Res.xml,datalinks.vmf.t_VMFF_Rx_CANTCO_Com_Prob_Res.py,8a7436f22e3a78d708e894b901731212ed241c1cc65bea1d2f171f5c16ac84f7,TL_VMFF_571,30R06.00-SIT-230,7,0,0,0,N/A
94654,40S03.00_R2,147512,FARM1,adc-svr-vl509,40S03.00_R2_SysTest,3,541,A,Beta,1,t_VMFF_Rx_CANTCO_Com_Prob_Res.xml,datalinks.vmf.t_VMFF_Rx_CANTCO_Com_Prob_Res.py,8a7436f22e3a78d708e894b901731212ed241c1cc65bea1d2f171f5c16ac84f7,TL_VMFF_571,30R06.00-SIT-230,7,0,0,0,N/A
94655,40S03.00_R2,147486,FARM1,adc-svr-vl505,40S03.00_R2_SysTest,2,543,A,Beta,1,t_VMFF_Rx_CANTCO_Com_Prob_Res.xml,datalinks.vmf.t_VMFF_Rx_CANTCO_Com_Prob_Res.py,8a7436f22e3a78d708e894b901731212ed241c1cc65bea1d2f171f5c16ac84f7,TL_VMFF_571,30R06.00-SIT-230,7,0,0,0,N/A
94656,40S03.00_R2,147443,FARM1,adc-svr-vl501,40S03.00_R2_SysTest,1,555,A,Beta,1,t_VMFF_Rx_CANTCO_Com_Prob_Res.xml,datalinks.vmf.t_VMFF_Rx_CANTCO_Com_Prob_Res.py,8a7436f22e3a78d708e894b901731212ed241c1cc65bea1d2f171f5c16ac84f7,TL_VMFF_571,30R06.00-SIT-230,7,0,0,0,N/A
94657,40S03.00_R2,147478,FARM1,adc-svr-vl547,40S03.00_R2_SysTest,3,542,A,Beta,1,t_VMFF_Rx_CANTCO_Com_Prob_Res.xml,datalinks.vmf.t_VMFF_Rx_CANTCO_Com_Prob_Res.py,8a7436f22e3a78d708e894b901731212ed241c1cc65bea1d2f171f5c16ac84f7,TL_VMFF_571,30R06.00-SIT-230,7,0,0,0,N/A
94658,40S03.00_R2,147517,FARM1,adc-svr-vl605,40S03.00_R2_SysTest,1,557,A,Beta,1,t_VMFF_Rx_CANTCO_Com_Prob_Res.xml,datalinks.vmf.t_VMFF_Rx_CANTCO_Com_Prob_Res.py,8a7436f22e3a78d708e894b901731212ed241c1cc65bea1d2f171f5c16ac84f7,TL_VMFF_571,30R06.00-SIT-230,7,0,0,0,N/A
94659,40S03.00_R2,147367,MVDL1,mvdl-m06-h01,40S03.00_R2_SysTest,1,575,A,Beta,1,t_VMFF_Rx_CANTCO_Com_Prob_Res.xml,datalinks.vmf.t_VMFF_Rx_CANTCO_Com_Prob_Res.py,8a7436f22e3a78d708e894b901731212ed241c1cc65bea1d2f171f5c16ac84f7,TL_VMFF_571,30R06.00-SIT-230,7,0,0,0,N/A
94660,40S03.00_R2,147497,FARM1,adc-svr-vl613,40S03.00_R2_SysTest,3,528,A,Beta,1,t_VMFF_Rx_CANTCO_Com_Prob_Res.xml,datalinks.vmf.t_VMFF_Rx_CANTCO_Com_Prob_Res.py,8a7436f22e3a78d708e894b901731212ed241c1cc65bea1d2f171f5c16ac84f7,TL_VMFF_571,30R06.00-SIT-230,7,0,0,0,N/A
94661,40S03.00_R2,147482,FARM1,adc-svr-vl543,40S03.00_R2_SysTest,1,560,A,Beta,1,t_VMFF_Rx_CANTCO_Com_Prob_Res.xml,datalinks.vmf.t_VMFF_Rx_CANTCO_Com_Prob_Res.py,8a7436f22e3a78d708e894b901731212ed241c1cc65bea1d2f171f5c16ac84f7,TL_VMFF_571,30R06.00-SIT-230,7,0,0,0,N/A
94662,40S03.00_R2,147445,FARM1,adc-svr-vl605,40S03.00_R2_SysTest,1,530,A,Beta,1,t_VMFF_Rx_CANTCO_Com_Prob_Res.xml,datalinks.vmf.t_VMFF_Rx_CANTCO_Com_Prob_Res.py,8a7436f22e3a78d708e894b901731212ed241c1cc65bea1d2f171f5c16ac84f7,TL_VMFF_571,30R06.00-SIT-230,7,0,0,0,N/A
94663,40S03.00_R2,147411,FARM1,adc-svr-vl605,40S03.00_R2_SysTest,1,527,A,Beta,1,t_VMFF_Rx_CANTCO_Com_Prob_Res.xml,datalinks.vmf.t_VMFF_Rx_CANTCO_Com_Prob_Res.py,8a7436f22e3a78d708e894b901731212ed241c1cc65bea1d2f171f5c16ac84f7,TL_VMFF_571,30R06.00-SIT-230,7,0,0,0,N/A
94664,40S03.00_R2,147550,FARM1,adc-svr-vl611,40S03.00_R2_SysTest,1,544,A,Beta,1,t_VMFF_Rx_CANTCO_Com_Prob_Res.xml,datalinks.vmf.t_VMFF_Rx_CANTCO_Com_Prob_Res.py,8a7436f22e3a78d708e894b901731212ed241c1cc65bea1d2f171f5c16ac84f7,TL_VMFF_571,30R06.00-SIT-230,7,0,0,0,N/A
94665,40S03.00_R2,147404,MVDL6,mvdl6-m04-h01,40S03.00_R2_SysTest,1,565,A,Beta,1,t_VMFF_Rx_CANTCO_Com_Prob_Res.xml,datalinks.vmf.t_VMFF_Rx_CANTCO_Com_Prob_Res.py,8a7436f22e3a78d708e894b901731212ed241c1cc65bea1d2f171f5c16ac84f7,TL_VMFF_571,30R06.00-SIT-230,7,0,0,0,N/A
94666,40S03.00_R2,147483,FARM1,adc-svr-vl609,40S03.00_R2_SysTest,2,546,A,Beta,1,t_VMFF_Rx_CANTCO_Com_Prob_Res.xml,datalinks.vmf.t_VMFF_Rx_CANTCO_Com_Prob_Res.py,8a7436f22e3a78d708e894b901731212ed241c1cc65bea1d2f171f5c16ac84f7,TL_VMFF_571,30R06.00-SIT-230,7,0,0,0,N/A
94667,40S03.00_R2,147403,FARM1,adc-svr-vl541,40S03.00_R2_SysTest,1,539,A,Beta,1,t_VMFF_Rx_CANTCO_Com_Prob_Res.xml,datalinks.vmf.t_VMFF_Rx_CANTCO_Com_Prob_Res.py,8a7436f22e3a78d708e894b901731212ed241c1cc65bea1d2f171f5c16ac84f7,TL_VMFF_571,30R06.00-SIT-230,7,0,0,0,N/A
94668,40S03.00_R2,147423,FARM1,adc-svr-vl505,40S03.00_R2_SysTest,1,570,A,Beta,1,t_VMFF_Rx_CANTCO_Com_Prob_Res.xml,datalinks.vmf.t_VMFF_Rx_CANTCO_Com_Prob_Res.py,8a7436f22e3a78d708e894b901731212ed241c1cc65bea1d2f171f5c16ac84f7,TL_VMFF_571,30R06.00-SIT-230,7,0,0,0,N/A
94669,40S03.00_R2,147427,MVDL1,mvdl-m05-h01,40S03.00_R2_SysTest,1,582,A,Beta,1,t_VMFF_Rx_CANTCO_Com_Prob_Res.xml,datalinks.vmf.t_VMFF_Rx_CANTCO_Com_Prob_Res.py,8a7436f22e3a78d708e894b901731212ed241c1cc65bea1d2f171f5c16ac84f7,TL_VMFF_571,30R06.00-SIT-230,7,0,0,0,N/A
94670,40S03.00_R2,147425,FARM1,adc-svr-vl503,40S03.00_R2_SysTest,1,539,A,Beta,1,t_VMFF_Rx_CANTCO_Com_Prob_Res.xml,datalinks.vmf.t_VMFF_Rx_CANTCO_Com_Prob_Res.py,8a7436f22e3a78d708e894b901731212ed241c1cc65bea1d2f171f5c16ac84f7,TL_VMFF_571,30R06.00-SIT-230,7,0,0,0,N/A
94671,40S03.00_R2,147393,MVDL1,mvdl-m04-h01,40S03.00_R2_SysTest,1,568,A,Beta,1,t_VMFF_Rx_CANTCO_Com_Prob_Res.xml,datalinks.vmf.t_VMFF_Rx_CANTCO_Com_Prob_Res.py,8a7436f22e3a78d708e894b901731212ed241c1cc65bea1d2f171f5c16ac84f7,TL_VMFF_571,30R06.00-SIT-230,7,0,0,0,N/A
94672,40S03.00_R2,147476,FARM1,adc-svr-vl503,40S03.00_R2_SysTest,2,543,A,Beta,1,t_VMFF_Rx_CANTCO_Com_Prob_Res.xml,datalinks.vmf.t_VMFF_Rx_CANTCO_Com_Prob_Res.py,8a7436f22e3a78d708e894b901731212ed241c1cc65bea1d2f171f5c16ac84f7,TL_VMFF_571,30R06.00-SIT-230,7,0,0,0,N/A
94673,40S03.00_R2,147436,FARM1,adc-svr-vl611,40S03.00_R2_SysTest,2,558,A,Beta,1,t_VMFF_Rx_CANTCO_Com_Prob_Res.xml,datalinks.vmf.t_VMFF_Rx_CANTCO_Com_Prob_Res.py,8a7436f22e3a78d708e894b901731212ed241c1cc65bea1d2f171f5c16ac84f7,TL_VMFF_571,30R06.00-SIT-230,7,0,0,0,N/A
94674,40S03.00_R2,147533,FARM1,adc-svr-vl601,40S03.00_R2_SysTest,1,574,A,Beta,1,t_VMFF_Rx_CANTCO_Com_Prob_Res.xml,datalinks.vmf.t_VMFF_Rx_CANTCO_Com_Prob_Res.py,8a7436f22e3a78d708e894b901731212ed241c1cc65bea1d2f171f5c16ac84f7,TL_VMFF_571,30R06.00-SIT-230,7,0,0,0,N/A
94675,40S03.00_R2,147570,FARM1,adc-svr-vl605,40S03.00_R2_SysTest,2,546,A,Beta,1,t_VMFF_Rx_CANTCO_Com_Prob_Res.xml,datalinks.vmf.t_VMFF_Rx_CANTCO_Com_Prob_Res.py,8a7436f22e3a78d708e894b901731212ed241c1cc65bea1d2f171f5c16ac84f7,TL_VMFF_571,30R06.00-SIT-230,7,0,0,0,N/A
94676,40S03.00_R2,147530,FARM1,adc-svr-vl617,40S03.00_R2_SysTest,1,530,A,Beta,1,t_VMFF_Rx_CANTCO_Com_Prob_Res.xml,datalinks.vmf.t_VMFF_Rx_CANTCO_Com_Prob_Res.py,8a7436f22e3a78d708e894b901731212ed241c1cc65bea1d2f171f5c16ac84f7,TL_VMFF_571,30R06.00-SIT-230,7,0,0,0,N/A
94677,40S03.00_R2,147401,FARM1,adc-svr-vl603,40S03.00_R2_SysTest,2,549,A,Beta,1,t_VMFF_Rx_CANTCO_Com_Prob_Res.xml,datalinks.vmf.t_VMFF_Rx_CANTCO_Com_Prob_Res.py,8a7436f22e3a78d708e894b901731212ed241c1cc65bea1d2f171f5c16ac84f7,TL_VMFF_571,30R06.00-SIT-230,7,0,0,0,N/A
94678,40S03.00_R2,147479,FARM1,adc-svr-vl625,40S03.00_R2_SysTest,2,540,A,Beta,1,t_VMFF_Rx_CANTCO_Com_Prob_Res.xml,datalinks.vmf.t_VMFF_Rx_CANTCO_Com_Prob_Res.py,8a7436f22e3a78d708e894b901731212ed241c1cc65bea1d2f171f5c16ac84f7,TL_VMFF_571,30R06.00-SIT-230,7,0,0,0,N/A
94679,40S03.00_R2,147519,FARM1,adc-svr-vl533,40S03.00_R2_SysTest,2,544,A,Beta,1,t_VMFF_Rx_CANTCO_Com_Prob_Res.xml,datalinks.vmf.t_VMFF_Rx_CANTCO_Com_Prob_Res.py,8a7436f22e3a78d708e894b901731212ed241c1cc65bea1d2f171f5c16ac84f7,TL_VMFF_571,30R06.00-SIT-230,7,0,0,0,N/A
94680,40S03.00_R2,147541,FARM1,adc-svr-vl535,40S03.00_R2_SysTest,1,547,A,Beta,1,t_VMFF_Rx_CANTCO_Com_Prob_Res.xml,datalinks.vmf.t_VMFF_Rx_CANTCO_Com_Prob_Res.py,8a7436f22e3a78d708e894b901731212ed241c1cc65bea1d2f171f5c16ac84f7,TL_VMFF_571,30R06.00-SIT-230,7,0,0,0,N/A
94681,40S03.00_R2,147542,FARM1,adc-svr-vl533,40S03.00_R2_SysTest,2,540,A,Beta,1,t_VMFF_Rx_CANTCO_Com_Prob_Res.xml,datalinks.vmf.t_VMFF_Rx_CANTCO_Com_Prob_Res.py,8a7436f22e3a78d708e894b901731212ed241c1cc65bea1d2f171f5c16ac84f7,TL_VMFF_571,30R06.00-SIT-230,7,0,0,0,N/A
94682,40S03.00_R2,147501,FARM1,adc-svr-vl507,40S03.00_R2_SysTest,1,541,A,Beta,1,t_VMFF_Rx_CANTCO_Com_Prob_Res.xml,datalinks.vmf.t_VMFF_Rx_CANTCO_Com_Prob_Res.py,8a7436f22e3a78d708e894b901731212ed241c1cc65bea1d2f171f5c16ac84f7,TL_VMFF_571,30R06.00-SIT-230,7,0,0,0,N/A
94683,40S03.00_R2,147515,FARM1,adc-svr-vl603,40S03.00_R2_SysTest,1,554,A,Beta,1,t_VMFF_Rx_CANTCO_Com_Prob_Res.xml,datalinks.vmf.t_VMFF_Rx_CANTCO_Com_Prob_Res.py,8a7436f22e3a78d708e894b901731212ed241c1cc65bea1d2f171f5c16ac84f7,TL_VMFF_571,30R06.00-SIT-230,7,0,0,0,N/A
94684,40S03.00_R2,147384,FARM1,adc-svr-vl607,40S03.00_R2_SysTest,1,540,A,Beta,1,t_VMFF_Rx_CANTCO_Com_Prob_Res.xml,datalinks.vmf.t_VMFF_Rx_CANTCO_Com_Prob_Res.py,8a7436f22e3a78d708e894b901731212ed241c1cc65bea1d2f171f5c16ac84f7,TL_VMFF_571,30R06.00-SIT-230,7,0,0,0,N/A
94685,40S03.00_R2,147378,MVDL1,mvdl-m02-h01,40S03.00_R2_SysTest,1,570,A,Beta,1,t_VMFF_Rx_CANTCO_Com_Prob_Res.xml,datalinks.vmf.t_VMFF_Rx_CANTCO_Com_Prob_Res.py,8a7436f22e3a78d708e894b901731212ed241c1cc65bea1d2f171f5c16ac84f7,TL_VMFF_571,30R06.00-SIT-230,7,0,0,0,N/A
94686,40S03.00_R2,147472,FARM1,adc-svr-vl533,40S03.00_R2_SysTest,2,539,A,Beta,1,t_VMFF_Rx_CANTCO_Com_Prob_Res.xml,datalinks.vmf.t_VMFF_Rx_CANTCO_Com_Prob_Res.py,8a7436f22e3a78d708e894b901731212ed241c1cc65bea1d2f171f5c16ac84f7,TL_VMFF_571,30R06.00-SIT-230,7,0,0,0,N/A
94687,40S03.00_R2,147468,FARM1,adc-svr-vl607,40S03.00_R2_SysTest,2,556,A,Beta,1,t_VMFF_Rx_CANTCO_Com_Prob_Res.xml,datalinks.vmf.t_VMFF_Rx_CANTCO_Com_Prob_Res.py,8a7436f22e3a78d708e894b901731212ed241c1cc65bea1d2f171f5c16ac84f7,TL_VMFF_571,30R06.00-SIT-230,7,0,0,0,N/A
94688,40S03.00_R2,147387,FARM1,adc-svr-vl501,40S03.00_R2_SysTest,1,542,A,Beta,1,t_VMFF_Rx_CANTCO_Com_Prob_Res.xml,datalinks.vmf.t_VMFF_Rx_CANTCO_Com_Prob_Res.py,8a7436f22e3a78d708e894b901731212ed241c1cc65bea1d2f171f5c16ac84f7,TL_VMFF_571,30R06.00-SIT-230,7,0,0,0,N/A
94689,40S03.00_R2,147525,FARM1,adc-svr-vl625,40S03.00_R2_SysTest,2,542,A,Beta,1,t_VMFF_Rx_CANTCO_Com_Prob_Res.xml,datalinks.vmf.t_VMFF_Rx_CANTCO_Com_Prob_Res.py,8a7436f22e3a78d708e894b901731212ed241c1cc65bea1d2f171f5c16ac84f7,TL_VMFF_571,30R06.00-SIT-230,7,0,0,0,N/A
94690,40S03.00_R2,147457,FARM1,adc-svr-vl505,40S03.00_R2_SysTest,2,551,A,Beta,1,t_VMFF_Rx_CANTCO_Com_Prob_Res.xml,datalinks.vmf.t_VMFF_Rx_CANTCO_Com_Prob_Res.py,8a7436f22e3a78d708e894b901731212ed241c1cc65bea1d2f171f5c16ac84f7,TL_VMFF_571,30R06.00-SIT-230,7,0,0,0,N/A
94691,40S03.00_R2,147559,FARM1,adc-svr-vl541,40S03.00_R2_SysTest,2,549,A,Beta,1,t_VMFF_Rx_CANTCO_Com_Prob_Res.xml,datalinks.vmf.t_VMFF_Rx_CANTCO_Com_Prob_Res.py,8a7436f22e3a78d708e894b901731212ed241c1cc65bea1d2f171f5c16ac84f7,TL_VMFF_571,30R06.00-SIT-230,7,0,0,0,N/A
94692,40S03.00_R2,147573,FARM1,adc-svr-vl619,40S03.00_R2_SysTest,3,532,A,Beta,1,t_VMFF_Rx_CANTCO_Com_Prob_Res.xml,datalinks.vmf.t_VMFF_Rx_CANTCO_Com_Prob_Res.py,8a7436f22e3a78d708e894b901731212ed241c1cc65bea1d2f171f5c16ac84f7,TL_VMFF_571,30R06.00-SIT-230,7,0,0,0,N/A
94693,40S03.00_R2,147160,FARM1,adc-svr-vl611,40S03.00_R2_SysTest,1,540,A,Beta,1,t_VMFF_Rx_CANTCO_Com_Prob_Res.xml,datalinks.vmf.t_VMFF_Rx_CANTCO_Com_Prob_Res.py,8a7436f22e3a78d708e894b901731212ed241c1cc65bea1d2f171f5c16ac84f7,TL_VMFF_571,30R06.00-SIT-230,7,0,0,0,N/A
94694,40S03.00_R2,147409,FARM1,adc-svr-vl501,40S03.00_R2_SysTest,1,532,A,Beta,1,t_VMFF_Rx_CANTCO_Com_Prob_Res.xml,datalinks.vmf.t_VMFF_Rx_CANTCO_Com_Prob_Res.py,8a7436f22e3a78d708e894b901731212ed241c1cc65bea1d2f171f5c16ac84f7,TL_VMFF_571,30R06.00-SIT-230,7,0,0,0,N/A
94695,40S03.00_R2,147516,FARM1,adc-svr-vl607,40S03.00_R2_SysTest,1,560,A,Beta,1,t_VMFF_Rx_CANTCO_Com_Prob_Res.xml,datalinks.vmf.t_VMFF_Rx_CANTCO_Com_Prob_Res.py,8a7436f22e3a78d708e894b901731212ed241c1cc65bea1d2f171f5c16ac84f7,TL_VMFF_571,30R06.00-SIT-230,7,0,0,0,N/A
94696,40S03.00_R2,147458,FARM1,adc-svr-vl607,40S03.00_R2_SysTest,1,527,A,Beta,1,t_VMFF_Rx_CANTCO_Com_Prob_Res.xml,datalinks.vmf.t_VMFF_Rx_CANTCO_Com_Prob_Res.py,8a7436f22e3a78d708e894b901731212ed241c1cc65bea1d2f171f5c16ac84f7,TL_VMFF_571,30R06.00-SIT-230,7,0,0,0,N/A
94697,40S03.00_R2,147366,MVDL1,mvdl-m07-h01,40S03.00_R2_SysTest,1,576,A,Beta,1,t_VMFF_Rx_CANTCO_Com_Prob_Res.xml,datalinks.vmf.t_VMFF_Rx_CANTCO_Com_Prob_Res.py,8a7436f22e3a78d708e894b901731212ed241c1cc65bea1d2f171f5c16ac84f7,TL_VMFF_571,30R06.00-SIT-230,7,0,0,0,N/A
94698,40S03.00_R2,147548,FARM1,adc-svr-vl547,40S03.00_R2_SysTest,2,539,A,Beta,1,t_VMFF_Rx_CANTCO_Com_Prob_Res.xml,datalinks.vmf.t_VMFF_Rx_CANTCO_Com_Prob_Res.py,8a7436f22e3a78d708e894b901731212ed241c1cc65bea1d2f171f5c16ac84f7,TL_VMFF_571,30R06.00-SIT-230,7,0,0,0,N/A
94699,40S03.00_R2,147552,FARM1,adc-svr-vl617,40S03.00_R2_SysTest,2,536,A,Beta,1,t_VMFF_Rx_CANTCO_Com_Prob_Res.xml,datalinks.vmf.t_VMFF_Rx_CANTCO_Com_Prob_Res.py,8a7436f22e3a78d708e894b901731212ed241c1cc65bea1d2f171f5c16ac84f7,TL_VMFF_571,30R06.00-SIT-230,7,0,0,0,N/A
94700,40S03.00_R2,147576,FARM1,adc-svr-vl607,40S03.00_R2_SysTest,3,554,A,Beta,1,t_VMFF_Rx_CANTCO_Com_Prob_Res.xml,datalinks.vmf.t_VMFF_Rx_CANTCO_Com_Prob_Res.py,8a7436f22e3a78d708e894b901731212ed241c1cc65bea1d2f171f5c16ac84f7,TL_VMFF_571,30R06.00-SIT-230,7,0,0,0,N/A
94701,40S03.00_R2,147495,FARM1,adc-svr-vl533,40S03.00_R2_SysTest,1,547,A,Beta,1,t_VMFF_Rx_CANTCO_Com_Prob_Res.xml,datalinks.vmf.t_VMFF_Rx_CANTCO_Com_Prob_Res.py,8a7436f22e3a78d708e894b901731212ed241c1cc65bea1d2f171f5c16ac84f7,TL_VMFF_571,30R06.00-SIT-230,7,0,0,0,N/A
94702,40S03.00_R2,147493,FARM1,adc-svr-vl605,40S03.00_R2_SysTest,1,555,A,Beta,1,t_VMFF_Rx_CANTCO_Com_Prob_Res.xml,datalinks.vmf.t_VMFF_Rx_CANTCO_Com_Prob_Res.py,8a7436f22e3a78d708e894b901731212ed241c1cc65bea1d2f171f5c16ac84f7,TL_VMFF_571,30R06.00-SIT-230,7,0,0,0,N/A
94703,40S03.00_R2,147489,FARM1,adc-svr-vl623,40S03.00_R2_SysTest,2,552,A,Beta,1,t_VMFF_Rx_CANTCO_Com_Prob_Res.xml,datalinks.vmf.t_VMFF_Rx_CANTCO_Com_Prob_Res.py,8a7436f22e3a78d708e894b901731212ed241c1cc65bea1d2f171f5c16ac84f7,TL_VMFF_571,30R06.00-SIT-230,7,0,0,0,N/A
94704,40S03.00_R2,147402,FARM1,adc-svr-vl611,40S03.00_R2_SysTest,3,530,A,Beta,1,t_VMFF_Rx_CANTCO_Com_Prob_Res.xml,datalinks.vmf.t_VMFF_Rx_CANTCO_Com_Prob_Res.py,8a7436f22e3a78d708e894b901731212ed241c1cc65bea1d2f171f5c16ac84f7,TL_VMFF_571,30R06.00-SIT-230,7,0,0,0,N/A
94705,40S03.00_R2,147545,FARM1,adc-svr-vl619,40S03.00_R2_SysTest,1,540,A,Beta,1,t_VMFF_Rx_CANTCO_Com_Prob_Res.xml,datalinks.vmf.t_VMFF_Rx_CANTCO_Com_Prob_Res.py,8a7436f22e3a78d708e894b901731212ed241c1cc65bea1d2f171f5c16ac84f7,TL_VMFF_571,30R06.00-SIT-230,7,0,0,0,N/A
94706,40S03.00_R2,147481,FARM1,adc-svr-vl549,40S03.00_R2_SysTest,2,537,A,Beta,1,t_VMFF_Rx_CANTCO_Com_Prob_Res.xml,datalinks.vmf.t_VMFF_Rx_CANTCO_Com_Prob_Res.py,8a7436f22e3a78d708e894b901731212ed241c1cc65bea1d2f171f5c16ac84f7,TL_VMFF_571,30R06.00-SIT-230,7,0,0,0,N/A
94707,40S03.00_R2,147456,FARM1,adc-svr-vl625,40S03.00_R2_SysTest,1,533,A,Beta,1,t_VMFF_Rx_CANTCO_Com_Prob_Res.xml,datalinks.vmf.t_VMFF_Rx_CANTCO_Com_Prob_Res.py,8a7436f22e3a78d708e894b901731212ed241c1cc65bea1d2f171f5c16ac84f7,TL_VMFF_571,30R06.00-SIT-230,7,0,0,0,N/A
94708,40S03.00_R2,147465,FARM1,adc-svr-vl623,40S03.00_R2_SysTest,1,552,A,Beta,1,t_VMFF_Rx_CANTCO_Com_Prob_Res.xml,datalinks.vmf.t_VMFF_Rx_CANTCO_Com_Prob_Res.py,8a7436f22e3a78d708e894b901731212ed241c1cc65bea1d2f171f5c16ac84f7,TL_VMFF_571,30R06.00-SIT-230,7,0,0,0,N/A
94709,40S03.00_R2,147529,FARM1,adc-svr-vl545,40S03.00_R2_SysTest,2,542,A,Beta,1,t_VMFF_Rx_CANTCO_Com_Prob_Res.xml,datalinks.vmf.t_VMFF_Rx_CANTCO_Com_Prob_Res.py,8a7436f22e3a78d708e894b901731212ed241c1cc65bea1d2f171f5c16ac84f7,TL_VMFF_571,30R06.00-SIT-230,7,0,0,0,N/A
94710,40S03.00_R2,147369,MVDL1,mvdl-m05-h01,40S03.00_R2_SysTest,1,573,A,Beta,1,t_VMFF_Rx_CANTCO_Com_Prob_Res.xml,datalinks.vmf.t_VMFF_Rx_CANTCO_Com_Prob_Res.py,8a7436f22e3a78d708e894b901731212ed241c1cc65bea1d2f171f5c16ac84f7,TL_VMFF_571,30R06.00-SIT-230,7,0,0,0,N/A
94711,40S03.00_R2,147375,MVDL1,mvdl-m08-h01,40S03.00_R2_SysTest,1,596,A,Beta,1,t_VMFF_Rx_CANTCO_Com_Prob_Res.xml,datalinks.vmf.t_VMFF_Rx_CANTCO_Com_Prob_Res.py,8a7436f22e3a78d708e894b901731212ed241c1cc65bea1d2f171f5c16ac84f7,TL_VMFF_571,30R06.00-SIT-230,6,1,0,0,"{'1': {'step': '3a', 'type': 'TF', 'issue': ''}}"
94712,40S03.00_R2,147544,FARM1,adc-svr-vl615,40S03.00_R2_SysTest,2,552,A,Beta,1,t_VMFF_Rx_CANTCO_Com_Prob_Res.xml,datalinks.vmf.t_VMFF_Rx_CANTCO_Com_Prob_Res.py,8a7436f22e3a78d708e894b901731212ed241c1cc65bea1d2f171f5c16ac84f7,TL_VMFF_571,30R06.00-SIT-230,7,0,0,0,N/A
94713,40S03.00_R2,147504,FARM1,adc-svr-vl545,40S03.00_R2_SysTest,2,536,A,Beta,1,t_VMFF_Rx_CANTCO_Com_Prob_Res.xml,datalinks.vmf.t_VMFF_Rx_CANTCO_Com_Prob_Res.py,8a7436f22e3a78d708e894b901731212ed241c1cc65bea1d2f171f5c16ac84f7,TL_VMFF_571,30R06.00-SIT-230,7,0,0,0,N/A
94714,40S03.00_R2,147453,FARM1,adc-svr-vl543,40S03.00_R2_SysTest,1,553,A,Beta,1,t_VMFF_Rx_CANTCO_Com_Prob_Res.xml,datalinks.vmf.t_VMFF_Rx_CANTCO_Com_Prob_Res.py,8a7436f22e3a78d708e894b901731212ed241c1cc65bea1d2f171f5c16ac84f7,TL_VMFF_571,30R06.00-SIT-230,7,0,0,0,N/A
94715,40S03.00_R2,147419,FARM1,adc-svr-vl543,40S03.00_R2_SysTest,2,555,A,Beta,1,t_VMFF_Rx_CANTCO_Com_Prob_Res.xml,datalinks.vmf.t_VMFF_Rx_CANTCO_Com_Prob_Res.py,8a7436f22e3a78d708e894b901731212ed241c1cc65bea1d2f171f5c16ac84f7,TL_VMFF_571,30R06.00-SIT-230,7,0,0,0,N/A
94716,40S03.00_R2,147428,MVDL1,mvdl-m04-h01,40S03.00_R2_SysTest,1,568,A,Beta,1,t_VMFF_Rx_CANTCO_Com_Prob_Res.xml,datalinks.vmf.t_VMFF_Rx_CANTCO_Com_Prob_Res.py,8a7436f22e3a78d708e894b901731212ed241c1cc65bea1d2f171f5c16ac84f7,TL_VMFF_571,30R06.00-SIT-230,7,0,0,0,N/A
94717,40S03.00_R2,147158,FARM1,adc-svr-vl607,40S03.00_R2_SysTest,1,546,A,Beta,1,t_VMFF_Rx_CANTCO_Com_Prob_Res.xml,datalinks.vmf.t_VMFF_Rx_CANTCO_Com_Prob_Res.py,8a7436f22e3a78d708e894b901731212ed241c1cc65bea1d2f171f5c16ac84f7,TL_VMFF_571,30R06.00-SIT-230,7,0,0,0,N/A
94718,40S03.00_R2,147535,FARM1,adc-svr-vl509,40S03.00_R2_SysTest,1,550,A,Beta,1,t_VMFF_Rx_CANTCO_Com_Prob_Res.xml,datalinks.vmf.t_VMFF_Rx_CANTCO_Com_Prob_Res.py,8a7436f22e3a78d708e894b901731212ed241c1cc65bea1d2f171f5c16ac84f7,TL_VMFF_571,30R06.00-SIT-230,7,0,0,0,N/A
94719,40S03.00_R2,147397,MVDL1,mvdl-m02-h01,40S03.00_R2_SysTest,1,591,A,Beta,1,t_VMFF_Rx_CANTCO_Com_Prob_Res.xml,datalinks.vmf.t_VMFF_Rx_CANTCO_Com_Prob_Res.py,8a7436f22e3a78d708e894b901731212ed241c1cc65bea1d2f171f5c16ac84f7,TL_VMFF_571,30R06.00-SIT-230,7,0,0,0,N/A
94720,40S03.00_R2,147537,FARM1,adc-svr-vl541,40S03.00_R2_SysTest,2,554,A,Beta,1,t_VMFF_Rx_CANTCO_Com_Prob_Res.xml,datalinks.vmf.t_VMFF_Rx_CANTCO_Com_Prob_Res.py,8a7436f22e3a78d708e894b901731212ed241c1cc65bea1d2f171f5c16ac84f7,TL_VMFF_571,30R06.00-SIT-230,7,0,0,0,N/A
94721,40S03.00_R2,147386,MVDL1,mvdl-m01-h01,40S03.00_R2_SysTest,1,583,A,Beta,1,t_VMFF_Rx_CANTCO_Com_Prob_Res.xml,datalinks.vmf.t_VMFF_Rx_CANTCO_Com_Prob_Res.py,8a7436f22e3a78d708e894b901731212ed241c1cc65bea1d2f171f5c16ac84f7,TL_VMFF_571,30R06.00-SIT-230,7,0,0,0,N/A
94722,40S03.00_R2,147556,FARM1,adc-svr-vl509,40S03.00_R2_SysTest,2,558,A,Beta,1,t_VMFF_Rx_CANTCO_Com_Prob_Res.xml,datalinks.vmf.t_VMFF_Rx_CANTCO_Com_Prob_Res.py,8a7436f22e3a78d708e894b901731212ed241c1cc65bea1d2f171f5c16ac84f7,TL_VMFF_571,30R06.00-SIT-230,7,0,0,0,N/A
94723,40S03.00_R2,147491,FARM1,adc-svr-vl603,40S03.00_R2_SysTest,1,538,A,Beta,1,t_VMFF_Rx_CANTCO_Com_Prob_Res.xml,datalinks.vmf.t_VMFF_Rx_CANTCO_Com_Prob_Res.py,8a7436f22e3a78d708e894b901731212ed241c1cc65bea1d2f171f5c16ac84f7,TL_VMFF_571,30R06.00-SIT-230,7,0,0,0,N/A
94724,40S03.00_R2,147394,FARM1,adc-svr-vl609,40S03.00_R2_SysTest,1,550,A,Beta,1,t_VMFF_Rx_CANTCO_Com_Prob_Res.xml,datalinks.vmf.t_VMFF_Rx_CANTCO_Com_Prob_Res.py,8a7436f22e3a78d708e894b901731212ed241c1cc65bea1d2f171f5c16ac84f7,TL_VMFF_571,30R06.00-SIT-230,7,0,0,0,N/A
94725,40S03.00_R2,147374,FARM1,adc-svr-vl547,40S03.00_R2_SysTest,1,538,A,Beta,1,t_VMFF_Rx_CANTCO_Com_Prob_Res.xml,datalinks.vmf.t_VMFF_Rx_CANTCO_Com_Prob_Res.py,8a7436f22e3a78d708e894b901731212ed241c1cc65bea1d2f171f5c16ac84f7,TL_VMFF_571,30R06.00-SIT-230,7,0,0,0,N/A
94726,40S03.00_R2,147429,MVDL1,mvdl-m01-h01,40S03.00_R2_SysTest,1,584,A,Beta,1,t_VMFF_Rx_CANTCO_Com_Prob_Res.xml,datalinks.vmf.t_VMFF_Rx_CANTCO_Com_Prob_Res.py,8a7436f22e3a78d708e894b901731212ed241c1cc65bea1d2f171f5c16ac84f7,TL_VMFF_571,30R06.00-SIT-230,7,0,0,0,N/A
94727,40S03.00_R2,147558,FARM1,adc-svr-vl623,40S03.00_R2_SysTest,2,540,A,Beta,1,t_VMFF_Rx_CANTCO_Com_Prob_Res.xml,datalinks.vmf.t_VMFF_Rx_CANTCO_Com_Prob_Res.py,8a7436f22e3a78d708e894b901731212ed241c1cc65bea1d2f171f5c16ac84f7,TL_VMFF_571,30R06.00-SIT-230,7,0,0,0,N/A
94728,40S03.00_R2,147496,FARM1,adc-svr-vl615,40S03.00_R2_SysTest,4,530,A,Beta,1,t_VMFF_Rx_CANTCO_Com_Prob_Res.xml,datalinks.vmf.t_VMFF_Rx_CANTCO_Com_Prob_Res.py,8a7436f22e3a78d708e894b901731212ed241c1cc65bea1d2f171f5c16ac84f7,TL_VMFF_571,30R06.00-SIT-230,7,0,0,0,N/A
94729,40S03.00_R2,147484,FARM1,adc-svr-vl611,40S03.00_R2_SysTest,2,550,A,Beta,1,t_VMFF_Rx_CANTCO_Com_Prob_Res.xml,datalinks.vmf.t_VMFF_Rx_CANTCO_Com_Prob_Res.py,8a7436f22e3a78d708e894b901731212ed241c1cc65bea1d2f171f5c16ac84f7,TL_VMFF_571,30R06.00-SIT-230,6,1,0,0,"{'1': {'step': '3a', 'type': 'TF', 'issue': ''}}"
94730,40S03.00_R2,147505,FARM1,adc-svr-vl617,40S03.00_R2_SysTest,2,535,A,Beta,1,t_VMFF_Rx_CANTCO_Com_Prob_Res.xml,datalinks.vmf.t_VMFF_Rx_CANTCO_Com_Prob_Res.py,8a7436f22e3a78d708e894b901731212ed241c1cc65bea1d2f171f5c16ac84f7,TL_VMFF_571,30R06.00-SIT-230,7,0,0,0,N/A
94731,40S03.00_R2,147554,FARM1,adc-svr-vl609,40S03.00_R2_SysTest,1,537,A,Beta,1,t_VMFF_Rx_CANTCO_Com_Prob_Res.xml,datalinks.vmf.t_VMFF_Rx_CANTCO_Com_Prob_Res.py,8a7436f22e3a78d708e894b901731212ed241c1cc65bea1d2f171f5c16ac84f7,TL_VMFF_571,30R06.00-SIT-230,7,0,0,0,N/A
94732,40S03.00_R2,147471,FARM1,adc-svr-vl535,40S03.00_R2_SysTest,1,544,A,Beta,1,t_VMFF_Rx_CANTCO_Com_Prob_Res.xml,datalinks.vmf.t_VMFF_Rx_CANTCO_Com_Prob_Res.py,8a7436f22e3a78d708e894b901731212ed241c1cc65bea1d2f171f5c16ac84f7,TL_VMFF_571,30R06.00-SIT-230,7,0,0,0,N/A
94733,40S03.00_R2,147380,FARM1,adc-svr-vl613,40S03.00_R2_SysTest,1,538,A,Beta,1,t_VMFF_Rx_CANTCO_Com_Prob_Res.xml,datalinks.vmf.t_VMFF_Rx_CANTCO_Com_Prob_Res.py,8a7436f22e3a78d708e894b901731212ed241c1cc65bea1d2f171f5c16ac84f7,TL_VMFF_571,30R06.00-SIT-230,7,0,0,0,N/A
94734,40S03.00_R2,147474,FARM1,adc-svr-vl613,40S03.00_R2_SysTest,2,538,A,Beta,1,t_VMFF_Rx_CANTCO_Com_Prob_Res.xml,datalinks.vmf.t_VMFF_Rx_CANTCO_Com_Prob_Res.py,8a7436f22e3a78d708e894b901731212ed241c1cc65bea1d2f171f5c16ac84f7,TL_VMFF_571,30R06.00-SIT-230,7,0,0,0,N/A
94735,40S03.00_R2,147360,FARM1,adc-svr-vl609,40S03.00_R2_SysTest,1,562,A,Beta,1,t_VMFF_Rx_CANTCO_Com_Prob_Res.xml,datalinks.vmf.t_VMFF_Rx_CANTCO_Com_Prob_Res.py,8a7436f22e3a78d708e894b901731212ed241c1cc65bea1d2f171f5c16ac84f7,TL_VMFF_571,30R06.00-SIT-230,7,0,0,0,N/A
94736,40S03.00_R2,147557,FARM1,adc-svr-vl621,40S03.00_R2_SysTest,2,1193,A,Beta,1,t_VMFF_Rx_CANTCO_Com_Prob_Res.xml,datalinks.vmf.t_VMFF_Rx_CANTCO_Com_Prob_Res.py,8a7436f22e3a78d708e894b901731212ed241c1cc65bea1d2f171f5c16ac84f7,TL_VMFF_571,30R06.00-SIT-230,6,1,0,0,"{'4': {'step': '4c', 'type': 'TF', 'issue': ''}}"
94737,40S03.00_R2,147452,FARM1,adc-svr-vl623,40S03.00_R2_SysTest,1,540,A,Beta,1,t_VMFF_Rx_CANTCO_Com_Prob_Res.xml,datalinks.vmf.t_VMFF_Rx_CANTCO_Com_Prob_Res.py,8a7436f22e3a78d708e894b901731212ed241c1cc65bea1d2f171f5c16ac84f7,TL_VMFF_571,30R06.00-SIT-230,7,0,0,0,N/A
94738,40S03.00_R2,147424,FARM1,adc-svr-vl607,40S03.00_R2_SysTest,1,543,A,Beta,1,t_VMFF_Rx_CANTCO_Com_Prob_Res.xml,datalinks.vmf.t_VMFF_Rx_CANTCO_Com_Prob_Res.py,8a7436f22e3a78d708e894b901731212ed241c1cc65bea1d2f171f5c16ac84f7,TL_VMFF_571,30R06.00-SIT-230,7,0,0,0,N/A
94739,40S03.00_R2,147434,FARM1,adc-svr-vl603,40S03.00_R2_SysTest,2,558,A,Beta,1,t_VMFF_Rx_CANTCO_Com_Prob_Res.xml,datalinks.vmf.t_VMFF_Rx_CANTCO_Com_Prob_Res.py,8a7436f22e3a78d708e894b901731212ed241c1cc65bea1d2f171f5c16ac84f7,TL_VMFF_571,30R06.00-SIT-230,7,0,0,0,N/A
94740,40S03.00_R2,147376,FARM1,adc-svr-vl549,40S03.00_R2_SysTest,1,550,A,Beta,1,t_VMFF_Rx_CANTCO_Com_Prob_Res.xml,datalinks.vmf.t_VMFF_Rx_CANTCO_Com_Prob_Res.py,8a7436f22e3a78d708e894b901731212ed241c1cc65bea1d2f171f5c16ac84f7,TL_VMFF_571,30R06.00-SIT-230,7,0,0,0,N/A
94741,40S03.00_R2,147371,FARM1,adc-svr-vl505,40S03.00_R2_SysTest,1,584,A,Beta,1,t_VMFF_Rx_CANTCO_Com_Prob_Res.xml,datalinks.vmf.t_VMFF_Rx_CANTCO_Com_Prob_Res.py,8a7436f22e3a78d708e894b901731212ed241c1cc65bea1d2f171f5c16ac84f7,TL_VMFF_571,30R06.00-SIT-230,7,0,0,0,N/A
94742,40S03.00_R2,147494,FARM1,adc-svr-vl535,40S03.00_R2_SysTest,1,537,A,Beta,1,t_VMFF_Rx_CANTCO_Com_Prob_Res.xml,datalinks.vmf.t_VMFF_Rx_CANTCO_Com_Prob_Res.py,8a7436f22e3a78d708e894b901731212ed241c1cc65bea1d2f171f5c16ac84f7,TL_VMFF_571,30R06.00-SIT-230,7,0,0,0,N/A
94743,40S03.00_R2,147477,FARM1,adc-svr-vl507,40S03.00_R2_SysTest,3,550,A,Beta,1,t_VMFF_Rx_CANTCO_Com_Prob_Res.xml,datalinks.vmf.t_VMFF_Rx_CANTCO_Com_Prob_Res.py,8a7436f22e3a78d708e894b901731212ed241c1cc65bea1d2f171f5c16ac84f7,TL_VMFF_571,30R06.00-SIT-230,6,1,0,0,"{'4': {'step': '4c', 'type': 'TF', 'issue': ''}}"
94744,40S03.00_R2,147553,FARM1,adc-svr-vl543,40S03.00_R2_SysTest,1,572,A,Beta,1,t_VMFF_Rx_CANTCO_Com_Prob_Res.xml,datalinks.vmf.t_VMFF_Rx_CANTCO_Com_Prob_Res.py,8a7436f22e3a78d708e894b901731212ed241c1cc65bea1d2f171f5c16ac84f7,TL_VMFF_571,30R06.00-SIT-230,7,0,0,0,N/A
94745,40S03.00_R2,147509,FARM1,adc-svr-vl601,40S03.00_R2_SysTest,2,550,A,Beta,1,t_VMFF_Rx_CANTCO_Com_Prob_Res.xml,datalinks.vmf.t_VMFF_Rx_CANTCO_Com_Prob_Res.py,8a7436f22e3a78d708e894b901731212ed241c1cc65bea1d2f171f5c16ac84f7,TL_VMFF_571,30R06.00-SIT-230,7,0,0,0,N/A
94746,40S03.00_R2,147157,FARM1,adc-svr-vl543,40S03.00_R2_SysTest,1,552,A,Beta,1,t_VMFF_Rx_CANTCO_Com_Prob_Res.xml,datalinks.vmf.t_VMFF_Rx_CANTCO_Com_Prob_Res.py,8a7436f22e3a78d708e894b901731212ed241c1cc65bea1d2f171f5c16ac84f7,TL_VMFF_571,30R06.00-SIT-230,7,0,0,0,N/A
94747,40S03.00_R2,147383,FARM1,adc-svr-vl509,40S03.00_R2_SysTest,1,575,A,Beta,1,t_VMFF_Rx_CANTCO_Com_Prob_Res.xml,datalinks.vmf.t_VMFF_Rx_CANTCO_Com_Prob_Res.py,8a7436f22e3a78d708e894b901731212ed241c1cc65bea1d2f171f5c16ac84f7,TL_VMFF_571,30R06.00-SIT-230,7,0,0,0,N/A
94748,40S03.00_R2,147492,FARM1,adc-svr-vl607,40S03.00_R2_SysTest,1,553,A,Beta,1,t_VMFF_Rx_CANTCO_Com_Prob_Res.xml,datalinks.vmf.t_VMFF_Rx_CANTCO_Com_Prob_Res.py,8a7436f22e3a78d708e894b901731212ed241c1cc65bea1d2f171f5c16ac84f7,TL_VMFF_571,30R06.00-SIT-230,7,0,0,0,N/A
94749,40S03.00_R2,147498,FARM1,adc-svr-vl619,40S03.00_R2_SysTest,1,547,A,Beta,1,t_VMFF_Rx_CANTCO_Com_Prob_Res.xml,datalinks.vmf.t_VMFF_Rx_CANTCO_Com_Prob_Res.py,8a7436f22e3a78d708e894b901731212ed241c1cc65bea1d2f171f5c16ac84f7,TL_VMFF_571,30R06.00-SIT-230,7,0,0,0,N/A
94750,40S03.00_R2,147480,FARM1,adc-svr-vl545,40S03.00_R2_SysTest,2,536,A,Beta,1,t_VMFF_Rx_CANTCO_Com_Prob_Res.xml,datalinks.vmf.t_VMFF_Rx_CANTCO_Com_Prob_Res.py,8a7436f22e3a78d708e894b901731212ed241c1cc65bea1d2f171f5c16ac84f7,TL_VMFF_571,30R06.00-SIT-230,7,0,0,0,N/A
94751,40S03.00_R2,147441,MVDL6,mvdl6-m03-h01,40S03.00_R2_SysTest,1,544,A,Beta,1,t_VMFF_Rx_CANTCO_Com_Prob_Res.xml,datalinks.vmf.t_VMFF_Rx_CANTCO_Com_Prob_Res.py,8a7436f22e3a78d708e894b901731212ed241c1cc65bea1d2f171f5c16ac84f7,TL_VMFF_571,30R06.00-SIT-230,7,0,0,0,N/A
94752,40S03.00_R2,147454,FARM1,adc-svr-vl547,40S03.00_R2_SysTest,1,541,A,Beta,1,t_VMFF_Rx_CANTCO_Com_Prob_Res.xml,datalinks.vmf.t_VMFF_Rx_CANTCO_Com_Prob_Res.py,8a7436f22e3a78d708e894b901731212ed241c1cc65bea1d2f171f5c16ac84f7,TL_VMFF_571,30R06.00-SIT-230,7,0,0,0,N/A
94753,40S03.00_R2,147488,FARM1,adc-svr-vl509,40S03.00_R2_SysTest,2,550,A,Beta,1,t_VMFF_Rx_CANTCO_Com_Prob_Res.xml,datalinks.vmf.t_VMFF_Rx_CANTCO_Com_Prob_Res.py,8a7436f22e3a78d708e894b901731212ed241c1cc65bea1d2f171f5c16ac84f7,TL_VMFF_571,30R06.00-SIT-230,7,0,0,0,N/A
94754,40S03.00_R2,147406,MVDL6,mvdl6-m02-h01,40S03.00_R2_SysTest,2,544,A,Beta,1,t_VMFF_Rx_CANTCO_Com_Prob_Res.xml,datalinks.vmf.t_VMFF_Rx_CANTCO_Com_Prob_Res.py,8a7436f22e3a78d708e894b901731212ed241c1cc65bea1d2f171f5c16ac84f7,TL_VMFF_571,30R06.00-SIT-230,7,0,0,0,N/A
94755,40S03.00_R2,147420,FARM1,adc-svr-vl547,40S03.00_R2_SysTest,1,540,A,Beta,1,t_VMFF_Rx_CANTCO_Com_Prob_Res.xml,datalinks.vmf.t_VMFF_Rx_CANTCO_Com_Prob_Res.py,8a7436f22e3a78d708e894b901731212ed241c1cc65bea1d2f171f5c16ac84f7,TL_VMFF_571,30R06.00-SIT-230,7,0,0,0,N/A
94756,40S03.00_R2,147574,FARM1,adc-svr-vl623,40S03.00_R2_SysTest,3,561,A,Beta,1,t_VMFF_Rx_CANTCO_Com_Prob_Res.xml,datalinks.vmf.t_VMFF_Rx_CANTCO_Com_Prob_Res.py,8a7436f22e3a78d708e894b901731212ed241c1cc65bea1d2f171f5c16ac84f7,TL_VMFF_571,30R06.00-SIT-230,7,0,0,0,N/A
94757,40S03.00_R2,147372,FARM1,adc-svr-vl621,40S03.00_R2_SysTest,1,1200,A,Beta,1,t_VMFF_Rx_CANTCO_Com_Prob_Res.xml,datalinks.vmf.t_VMFF_Rx_CANTCO_Com_Prob_Res.py,8a7436f22e3a78d708e894b901731212ed241c1cc65bea1d2f171f5c16ac84f7,TL_VMFF_571,30R06.00-SIT-230,7,0,0,0,N/A
94758,40S03.00_R2,147412,FARM1,adc-svr-vl549,40S03.00_R2_SysTest,1,557,A,Beta,1,t_VMFF_Rx_CANTCO_Com_Prob_Res.xml,datalinks.vmf.t_VMFF_Rx_CANTCO_Com_Prob_Res.py,8a7436f22e3a78d708e894b901731212ed241c1cc65bea1d2f171f5c16ac84f7,TL_VMFF_571,30R06.00-SIT-230,7,0,0,0,N/A
94759,40S03.00_R2,147599,FARM1,adc-svr-vl609,40S03.00_R2_SysTest,4,553,A,Beta,1,t_VMFF_Rx_CANTCO_Com_Prob_Res.xml,datalinks.vmf.t_VMFF_Rx_CANTCO_Com_Prob_Res.py,8a7436f22e3a78d708e894b901731212ed241c1cc65bea1d2f171f5c16ac84f7,TL_VMFF_571,30R06.00-SIT-230,7,0,0,0,N/A
94760,40S03.00_R2,147416,FARM1,adc-svr-vl617,40S03.00_R2_SysTest,1,538,A,Beta,1,t_VMFF_Rx_CANTCO_Com_Prob_Res.xml,datalinks.vmf.t_VMFF_Rx_CANTCO_Com_Prob_Res.py,8a7436f22e3a78d708e894b901731212ed241c1cc65bea1d2f171f5c16ac84f7,TL_VMFF_571,30R06.00-SIT-230,7,0,0,0,N/A
94761,40S03.00_R2,147451,FARM1,adc-svr-vl533,40S03.00_R2_SysTest,1,539,A,Beta,1,t_VMFF_Rx_CANTCO_Com_Prob_Res.xml,datalinks.vmf.t_VMFF_Rx_CANTCO_Com_Prob_Res.py,8a7436f22e3a78d708e894b901731212ed241c1cc65bea1d2f171f5c16ac84f7,TL_VMFF_571,30R06.00-SIT-230,7,0,0,0,N/A
94762,40S03.00_R2,147540,FARM1,adc-svr-vl605,40S03.00_R2_SysTest,1,548,A,Beta,1,t_VMFF_Rx_CANTCO_Com_Prob_Res.xml,datalinks.vmf.t_VMFF_Rx_CANTCO_Com_Prob_Res.py,8a7436f22e3a78d708e894b901731212ed241c1cc65bea1d2f171f5c16ac84f7,TL_VMFF_571,30R06.00-SIT-230,7,0,0,0,N/A
94763,40S03.00_R2,147470,FARM1,adc-svr-vl605,40S03.00_R2_SysTest,3,531,A,Beta,1,t_VMFF_Rx_CANTCO_Com_Prob_Res.xml,datalinks.vmf.t_VMFF_Rx_CANTCO_Com_Prob_Res.py,8a7436f22e3a78d708e894b901731212ed241c1cc65bea1d2f171f5c16ac84f7,TL_VMFF_571,30R06.00-SIT-230,7,0,0,0,N/A
94764,40S03.00_R2,147490,FARM1,adc-svr-vl541,40S03.00_R2_SysTest,2,564,A,Beta,1,t_VMFF_Rx_CANTCO_Com_Prob_Res.xml,datalinks.vmf.t_VMFF_Rx_CANTCO_Com_Prob_Res.py,8a7436f22e3a78d708e894b901731212ed241c1cc65bea1d2f171f5c16ac84f7,TL_VMFF_571,30R06.00-SIT-230,7,0,0,0,N/A
94765,40S03.00_R2,147514,FARM1,adc-svr-vl541,40S03.00_R2_SysTest,1,543,A,Beta,1,t_VMFF_Rx_CANTCO_Com_Prob_Res.xml,datalinks.vmf.t_VMFF_Rx_CANTCO_Com_Prob_Res.py,8a7436f22e3a78d708e894b901731212ed241c1cc65bea1d2f171f5c16ac84f7,TL_VMFF_571,30R06.00-SIT-230,7,0,0,0,N/A
94766,40S03.00_R2,147467,FARM1,adc-svr-vl603,40S03.00_R2_SysTest,2,544,A,Beta,1,t_VMFF_Rx_CANTCO_Com_Prob_Res.xml,datalinks.vmf.t_VMFF_Rx_CANTCO_Com_Prob_Res.py,8a7436f22e3a78d708e894b901731212ed241c1cc65bea1d2f171f5c16ac84f7,TL_VMFF_571,30R06.00-SIT-230,7,0,0,0,N/A
94767,40S03.00_R2,147398,MVDL1,mvdl-m03-h01,40S03.00_R2_SysTest,1,578,A,Beta,1,t_VMFF_Rx_CANTCO_Com_Prob_Res.xml,datalinks.vmf.t_VMFF_Rx_CANTCO_Com_Prob_Res.py,8a7436f22e3a78d708e894b901731212ed241c1cc65bea1d2f171f5c16ac84f7,TL_VMFF_571,30R06.00-SIT-230,7,0,0,0,N/A
94768,40S03.00_R2,147405,MVDL1,mvdl-m06-h01,40S03.00_R2_SysTest,1,576,A,Beta,1,t_VMFF_Rx_CANTCO_Com_Prob_Res.xml,datalinks.vmf.t_VMFF_Rx_CANTCO_Com_Prob_Res.py,8a7436f22e3a78d708e894b901731212ed241c1cc65bea1d2f171f5c16ac84f7,TL_VMFF_571,30R06.00-SIT-230,7,0,0,0,N/A
94769,40S03.00_R2,147455,FARM1,adc-svr-vl545,40S03.00_R2_SysTest,1,553,A,Beta,1,t_VMFF_Rx_CANTCO_Com_Prob_Res.xml,datalinks.vmf.t_VMFF_Rx_CANTCO_Com_Prob_Res.py,8a7436f22e3a78d708e894b901731212ed241c1cc65bea1d2f171f5c16ac84f7,TL_VMFF_571,30R06.00-SIT-230,7,0,0,0,N/A
94770,40S03.00_R2,147439,MVDL6,mvdl6-m04-h01,40S03.00_R2_SysTest,1,548,A,Beta,1,t_VMFF_Rx_CANTCO_Com_Prob_Res.xml,datalinks.vmf.t_VMFF_Rx_CANTCO_Com_Prob_Res.py,8a7436f22e3a78d708e894b901731212ed241c1cc65bea1d2f171f5c16ac84f7,TL_VMFF_571,30R06.00-SIT-230,7,0,0,0,N/A
94771,40S03.00_R2,147562,FARM1,adc-svr-vl501,40S03.00_R2_SysTest,1,558,A,Beta,1,t_VMFF_Rx_CANTCO_Com_Prob_Res.xml,datalinks.vmf.t_VMFF_Rx_CANTCO_Com_Prob_Res.py,8a7436f22e3a78d708e894b901731212ed241c1cc65bea1d2f171f5c16ac84f7,TL_VMFF_571,30R06.00-SIT-230,7,0,0,0,N/A
94772,40S03.00_R2,147500,FARM1,adc-svr-vl503,40S03.00_R2_SysTest,2,539,A,Beta,1,t_VMFF_Rx_CANTCO_Com_Prob_Res.xml,datalinks.vmf.t_VMFF_Rx_CANTCO_Com_Prob_Res.py,8a7436f22e3a78d708e894b901731212ed241c1cc65bea1d2f171f5c16ac84f7,TL_VMFF_571,30R06.00-SIT-230,7,0,0,0,N/A
94773,40S03.00_R2,147571,FARM1,adc-svr-vl617,40S03.00_R2_SysTest,3,553,A,Beta,1,t_VMFF_Rx_CANTCO_Com_Prob_Res.xml,datalinks.vmf.t_VMFF_Rx_CANTCO_Com_Prob_Res.py,8a7436f22e3a78d708e894b901731212ed241c1cc65bea1d2f171f5c16ac84f7,TL_VMFF_571,30R06.00-SIT-230,7,0,0,0,N/A
94774,40S03.00_R2,147464,FARM1,adc-svr-vl509,40S03.00_R2_SysTest,1,522,A,Beta,1,t_VMFF_Rx_CANTCO_Com_Prob_Res.xml,datalinks.vmf.t_VMFF_Rx_CANTCO_Com_Prob_Res.py,8a7436f22e3a78d708e894b901731212ed241c1cc65bea1d2f171f5c16ac84f7,TL_VMFF_571,30R06.00-SIT-230,7,0,0,0,N/A
94775,40S03.00_R2,147510,FARM1,adc-svr-vl505,40S03.00_R2_SysTest,1,550,A,Beta,1,t_VMFF_Rx_CANTCO_Com_Prob_Res.xml,datalinks.vmf.t_VMFF_Rx_CANTCO_Com_Prob_Res.py,8a7436f22e3a78d708e894b901731212ed241c1cc65bea1d2f171f5c16ac84f7,TL_VMFF_571,30R06.00-SIT-230,7,0,0,0,N/A
94776,40S03.00_R2,147547,FARM1,adc-svr-vl507,40S03.00_R2_SysTest,1,563,A,Beta,1,t_VMFF_Rx_CANTCO_Com_Prob_Res.xml,datalinks.vmf.t_VMFF_Rx_CANTCO_Com_Prob_Res.py,8a7436f22e3a78d708e894b901731212ed241c1cc65bea1d2f171f5c16ac84f7,TL_VMFF_571,30R06.00-SIT-230,7,0,0,0,N/A
94777,40S03.00_R2,147400,FARM1,adc-svr-vl535,40S03.00_R2_SysTest,1,542,A,Beta,1,t_VMFF_Rx_CANTCO_Com_Prob_Res.xml,datalinks.vmf.t_VMFF_Rx_CANTCO_Com_Prob_Res.py,8a7436f22e3a78d708e894b901731212ed241c1cc65bea1d2f171f5c16ac84f7,TL_VMFF_571,30R06.00-SIT-230,7,0,0,0,N/A
94778,40S03.00_R2,147521,FARM1,adc-svr-vl613,40S03.00_R2_SysTest,2,551,A,Beta,1,t_VMFF_Rx_CANTCO_Com_Prob_Res.xml,datalinks.vmf.t_VMFF_Rx_CANTCO_Com_Prob_Res.py,8a7436f22e3a78d708e894b901731212ed241c1cc65bea1d2f171f5c16ac84f7,TL_VMFF_571,30R06.00-SIT-230,7,0,0,0,N/A
94779,40S03.00_R2,147431,FARM1,adc-svr-vl609,40S03.00_R2_SysTest,1,540,A,Beta,1,t_VMFF_Rx_CANTCO_Com_Prob_Res.xml,datalinks.vmf.t_VMFF_Rx_CANTCO_Com_Prob_Res.py,8a7436f22e3a78d708e894b901731212ed241c1cc65bea1d2f171f5c16ac84f7,TL_VMFF_571,30R06.00-SIT-230,7,0,0,0,N/A
94780,40S03.00_R2,147507,FARM1,adc-svr-vl543,40S03.00_R2_SysTest,2,547,A,Beta,1,t_VMFF_Rx_CANTCO_Com_Prob_Res.xml,datalinks.vmf.t_VMFF_Rx_CANTCO_Com_Prob_Res.py,8a7436f22e3a78d708e894b901731212ed241c1cc65bea1d2f171f5c16ac84f7,TL_VMFF_571,30R06.00-SIT-230,7,0,0,0,N/A
94781,40S03.00_R2,147539,FARM1,adc-svr-vl607,40S03.00_R2_SysTest,1,553,A,Beta,1,t_VMFF_Rx_CANTCO_Com_Prob_Res.xml,datalinks.vmf.t_VMFF_Rx_CANTCO_Com_Prob_Res.py,8a7436f22e3a78d708e894b901731212ed241c1cc65bea1d2f171f5c16ac84f7,TL_VMFF_571,30R06.00-SIT-230,7,0,0,0,N/A
94782,40S03.00_R2,147536,FARM1,adc-svr-vl623,40S03.00_R2_SysTest,3,532,A,Beta,1,t_VMFF_Rx_CANTCO_Com_Prob_Res.xml,datalinks.vmf.t_VMFF_Rx_CANTCO_Com_Prob_Res.py,8a7436f22e3a78d708e894b901731212ed241c1cc65bea1d2f171f5c16ac84f7,TL_VMFF_571,30R06.00-SIT-230,7,0,0,0,N/A
94783,40S03.00_R2,147532,FARM1,adc-svr-vl609,40S03.00_R2_SysTest,2,553,A,Beta,1,t_VMFF_Rx_CANTCO_Com_Prob_Res.xml,datalinks.vmf.t_VMFF_Rx_CANTCO_Com_Prob_Res.py,8a7436f22e3a78d708e894b901731212ed241c1cc65bea1d2f171f5c16ac84f7,TL_VMFF_571,30R06.00-SIT-230,7,0,0,0,N/A
94784,40S03.00_R2,147469,FARM1,adc-svr-vl621,40S03.00_R2_SysTest,1,1350,A,Beta,1,t_VMFF_Rx_CANTCO_Com_Prob_Res.xml,datalinks.vmf.t_VMFF_Rx_CANTCO_Com_Prob_Res.py,8a7436f22e3a78d708e894b901731212ed241c1cc65bea1d2f171f5c16ac84f7,TL_VMFF_571,30R06.00-SIT-230,7,0,0,0,N/A
94785,40S03.00_R2,147413,FARM1,adc-svr-vl613,40S03.00_R2_SysTest,1,540,A,Beta,1,t_VMFF_Rx_CANTCO_Com_Prob_Res.xml,datalinks.vmf.t_VMFF_Rx_CANTCO_Com_Prob_Res.py,8a7436f22e3a78d708e894b901731212ed241c1cc65bea1d2f171f5c16ac84f7,TL_VMFF_571,30R06.00-SIT-230,7,0,0,0,N/A
94786,40S03.00_R2,147450,FARM1,adc-svr-vl617,40S03.00_R2_SysTest,1,552,A,Beta,1,t_VMFF_Rx_CANTCO_Com_Prob_Res.xml,datalinks.vmf.t_VMFF_Rx_CANTCO_Com_Prob_Res.py,8a7436f22e3a78d708e894b901731212ed241c1cc65bea1d2f171f5c16ac84f7,TL_VMFF_571,30R06.00-SIT-230,7,0,0,0,N/A
94787,40S03.00_R2,147396,FARM1,adc-svr-vl615,40S03.00_R2_SysTest,1,542,A,Beta,1,t_VMFF_Rx_CANTCO_Com_Prob_Res.xml,datalinks.vmf.t_VMFF_Rx_CANTCO_Com_Prob_Res.py,8a7436f22e3a78d708e894b901731212ed241c1cc65bea1d2f171f5c16ac84f7,TL_VMFF_571,30R06.00-SIT-230,7,0,0,0,N/A
94788,40S03.00_R2,147463,FARM1,adc-svr-vl501,40S03.00_R2_SysTest,2,559,A,Beta,1,t_VMFF_Rx_CANTCO_Com_Prob_Res.xml,datalinks.vmf.t_VMFF_Rx_CANTCO_Com_Prob_Res.py,8a7436f22e3a78d708e894b901731212ed241c1cc65bea1d2f171f5c16ac84f7,TL_VMFF_571,30R06.00-SIT-230,7,0,0,0,N/A
94789,40S03.00_R2,147418,FARM1,adc-svr-vl623,40S03.00_R2_SysTest,1,541,A,Beta,1,t_VMFF_Rx_CANTCO_Com_Prob_Res.xml,datalinks.vmf.t_VMFF_Rx_CANTCO_Com_Prob_Res.py,8a7436f22e3a78d708e894b901731212ed241c1cc65bea1d2f171f5c16ac84f7,TL_VMFF_571,30R06.00-SIT-230,7,0,0,0,N/A
94790,40S03.00_R2,147426,FARM1,adc-svr-vl509,40S03.00_R2_SysTest,1,548,A,Beta,1,t_VMFF_Rx_CANTCO_Com_Prob_Res.xml,datalinks.vmf.t_VMFF_Rx_CANTCO_Com_Prob_Res.py,8a7436f22e3a78d708e894b901731212ed241c1cc65bea1d2f171f5c16ac84f7,TL_VMFF_571,30R06.00-SIT-230,7,0,0,0,N/A
94791,40S03.00_R2,147414,FARM1,adc-svr-vl619,40S03.00_R2_SysTest,1,533,A,Beta,1,t_VMFF_Rx_CANTCO_Com_Prob_Res.xml,datalinks.vmf.t_VMFF_Rx_CANTCO_Com_Prob_Res.py,8a7436f22e3a78d708e894b901731212ed241c1cc65bea1d2f171f5c16ac84f7,TL_VMFF_571,30R06.00-SIT-230,7,0,0,0,N/A
94792,40S03.00_R2,147568,FARM1,adc-svr-vl509,40S03.00_R2_SysTest,2,577,A,Beta,1,t_VMFF_Rx_CANTCO_Com_Prob_Res.xml,datalinks.vmf.t_VMFF_Rx_CANTCO_Com_Prob_Res.py,8a7436f22e3a78d708e894b901731212ed241c1cc65bea1d2f171f5c16ac84f7,TL_VMFF_571,30R06.00-SIT-230,7,0,0,0,N/A
94793,40S03.00_R2,147551,FARM1,adc-svr-vl545,40S03.00_R2_SysTest,1,543,A,Beta,1,t_VMFF_Rx_CANTCO_Com_Prob_Res.xml,datalinks.vmf.t_VMFF_Rx_CANTCO_Com_Prob_Res.py,8a7436f22e3a78d708e894b901731212ed241c1cc65bea1d2f171f5c16ac84f7,TL_VMFF_571,30R06.00-SIT-230,7,0,0,0,N/A
94794,40S03.00_R2,147466,FARM1,adc-svr-vl541,40S03.00_R2_SysTest,1,557,A,Beta,1,t_VMFF_Rx_CANTCO_Com_Prob_Res.xml,datalinks.vmf.t_VMFF_Rx_CANTCO_Com_Prob_Res.py,8a7436f22e3a78d708e894b901731212ed241c1cc65bea1d2f171f5c16ac84f7,TL_VMFF_571,30R06.00-SIT-230,7,0,0,0,N/A
94795,40S03.00_R2,147511,FARM1,adc-svr-vl501,40S03.00_R2_SysTest,2,539,A,Beta,1,t_VMFF_Rx_CANTCO_Com_Prob_Res.xml,datalinks.vmf.t_VMFF_Rx_CANTCO_Com_Prob_Res.py,8a7436f22e3a78d708e894b901731212ed241c1cc65bea1d2f171f5c16ac84f7,TL_VMFF_571,30R06.00-SIT-230,7,0,0,0,N/A
94796,40S03.00_R2,147531,FARM1,adc-svr-vl543,40S03.00_R2_SysTest,2,542,A,Beta,1,t_VMFF_Rx_CANTCO_Com_Prob_Res.xml,datalinks.vmf.t_VMFF_Rx_CANTCO_Com_Prob_Res.py,8a7436f22e3a78d708e894b901731212ed241c1cc65bea1d2f171f5c16ac84f7,TL_VMFF_571,30R06.00-SIT-230,7,0,0,0,N/A
94797,40S03.00_R2,147564,FARM1,adc-svr-vl549,40S03.00_R2_SysTest,2,551,A,Beta,1,t_VMFF_Rx_CANTCO_Com_Prob_Res.xml,datalinks.vmf.t_VMFF_Rx_CANTCO_Com_Prob_Res.py,8a7436f22e3a78d708e894b901731212ed241c1cc65bea1d2f171f5c16ac84f7,TL_VMFF_571,30R06.00-SIT-230,7,0,0,0,N/A
94798,40S03.00_R2,147508,FARM1,adc-svr-vl609,40S03.00_R2_SysTest,1,545,A,Beta,1,t_VMFF_Rx_CANTCO_Com_Prob_Res.xml,datalinks.vmf.t_VMFF_Rx_CANTCO_Com_Prob_Res.py,8a7436f22e3a78d708e894b901731212ed241c1cc65bea1d2f171f5c16ac84f7,TL_VMFF_571,30R06.00-SIT-230,7,0,0,0,N/A
94799,40S03.00_R2,147522,FARM1,adc-svr-vl619,40S03.00_R2_SysTest,2,536,A,Beta,1,t_VMFF_Rx_CANTCO_Com_Prob_Res.xml,datalinks.vmf.t_VMFF_Rx_CANTCO_Com_Prob_Res.py,8a7436f22e3a78d708e894b901731212ed241c1cc65bea1d2f171f5c16ac84f7,TL_VMFF_571,30R06.00-SIT-230,7,0,0,0,N/A
94800,40S03.00_R2,147569,FARM1,adc-svr-vl543,40S03.00_R2_SysTest,4,544,A,Beta,1,t_VMFF_Rx_CANTCO_Com_Prob_Res.xml,datalinks.vmf.t_VMFF_Rx_CANTCO_Com_Prob_Res.py,8a7436f22e3a78d708e894b901731212ed241c1cc65bea1d2f171f5c16ac84f7,TL_VMFF_571,30R06.00-SIT-230,7,0,0,0,N/A
94801,40S03.00_R2,147502,FARM1,adc-svr-vl547,40S03.00_R2_SysTest,2,542,A,Beta,1,t_VMFF_Rx_CANTCO_Com_Prob_Res.xml,datalinks.vmf.t_VMFF_Rx_CANTCO_Com_Prob_Res.py,8a7436f22e3a78d708e894b901731212ed241c1cc65bea1d2f171f5c16ac84f7,TL_VMFF_571,30R06.00-SIT-230,7,0,0,0,N/A
94802,40S03.00_R2,147381,FARM1,adc-svr-vl623,40S03.00_R2_SysTest,1,537,A,Beta,1,t_VMFF_Rx_CANTCO_Com_Prob_Res.xml,datalinks.vmf.t_VMFF_Rx_CANTCO_Com_Prob_Res.py,8a7436f22e3a78d708e894b901731212ed241c1cc65bea1d2f171f5c16ac84f7,TL_VMFF_571,30R06.00-SIT-230,7,0,0,0,N/A
94803,40S03.00_R2,147448,FARM1,adc-svr-vl619,40S03.00_R2_SysTest,1,563,A,Beta,1,t_VMFF_Rx_CANTCO_Com_Prob_Res.xml,datalinks.vmf.t_VMFF_Rx_CANTCO_Com_Prob_Res.py,8a7436f22e3a78d708e894b901731212ed241c1cc65bea1d2f171f5c16ac84f7,TL_VMFF_571,30R06.00-SIT-230,7,0,0,0,N/A
94804,40S03.00_R2,147487,FARM1,adc-svr-vl501,40S03.00_R2_SysTest,1,535,A,Beta,1,t_VMFF_Rx_CANTCO_Com_Prob_Res.xml,datalinks.vmf.t_VMFF_Rx_CANTCO_Com_Prob_Res.py,8a7436f22e3a78d708e894b901731212ed241c1cc65bea1d2f171f5c16ac84f7,TL_VMFF_571,30R06.00-SIT-230,7,0,0,0,N/A
94805,40S03.00_R2,147438,FARM1,adc-svr-vl541,40S03.00_R2_SysTest,1,566,A,Beta,1,t_VMFF_Rx_CANTCO_Com_Prob_Res.xml,datalinks.vmf.t_VMFF_Rx_CANTCO_Com_Prob_Res.py,8a7436f22e3a78d708e894b901731212ed241c1cc65bea1d2f171f5c16ac84f7,TL_VMFF_571,30R06.00-SIT-230,7,0,0,0,N/A
94806,40S03.00_R2,147417,FARM1,adc-svr-vl533,40S03.00_R2_SysTest,1,549,A,Beta,1,t_VMFF_Rx_CANTCO_Com_Prob_Res.xml,datalinks.vmf.t_VMFF_Rx_CANTCO_Com_Prob_Res.py,8a7436f22e3a78d708e894b901731212ed241c1cc65bea1d2f171f5c16ac84f7,TL_VMFF_571,30R06.00-SIT-230,7,0,0,0,N/A
94807,40S03.00_R2,147561,FARM1,adc-svr-vl607,40S03.00_R2_SysTest,1,536,A,Beta,1,t_VMFF_Rx_CANTCO_Com_Prob_Res.xml,datalinks.vmf.t_VMFF_Rx_CANTCO_Com_Prob_Res.py,8a7436f22e3a78d708e894b901731212ed241c1cc65bea1d2f171f5c16ac84f7,TL_VMFF_571,30R06.00-SIT-230,7,0,0,0,N/A
94808,40S03.00_R2,147524,FARM1,adc-svr-vl507,40S03.00_R2_SysTest,2,556,A,Beta,1,t_VMFF_Rx_CANTCO_Com_Prob_Res.xml,datalinks.vmf.t_VMFF_Rx_CANTCO_Com_Prob_Res.py,8a7436f22e3a78d708e894b901731212ed241c1cc65bea1d2f171f5c16ac84f7,TL_VMFF_571,30R06.00-SIT-230,7,0,0,0,N/A
94809,40S03.00_R2,147446,FARM1,adc-svr-vl549,40S03.00_R2_SysTest,2,540,A,Beta,1,t_VMFF_Rx_CANTCO_Com_Prob_Res.xml,datalinks.vmf.t_VMFF_Rx_CANTCO_Com_Prob_Res.py,8a7436f22e3a78d708e894b901731212ed241c1cc65bea1d2f171f5c16ac84f7,TL_VMFF_571,30R06.00-SIT-230,7,0,0,0,N/A
94810,40S03.00_R2,147442,FARM1,adc-svr-vl601,40S03.00_R2_SysTest,1,538,A,Beta,1,t_VMFF_Rx_CANTCO_Com_Prob_Res.xml,datalinks.vmf.t_VMFF_Rx_CANTCO_Com_Prob_Res.py,8a7436f22e3a78d708e894b901731212ed241c1cc65bea1d2f171f5c16ac84f7,TL_VMFF_571,30R06.00-SIT-230,7,0,0,0,N/A
94811,40S03.00_R2,147499,FARM1,adc-svr-vl621,40S03.00_R2_SysTest,1,1276,A,Beta,1,t_VMFF_Rx_CANTCO_Com_Prob_Res.xml,datalinks.vmf.t_VMFF_Rx_CANTCO_Com_Prob_Res.py,8a7436f22e3a78d708e894b901731212ed241c1cc65bea1d2f171f5c16ac84f7,TL_VMFF_571,30R06.00-SIT-230,7,0,0,0,N/A
94812,40S03.00_R2,147430,FARM1,adc-svr-vl615,40S03.00_R2_SysTest,1,540,A,Beta,1,t_VMFF_Rx_CANTCO_Com_Prob_Res.xml,datalinks.vmf.t_VMFF_Rx_CANTCO_Com_Prob_Res.py,8a7436f22e3a78d708e894b901731212ed241c1cc65bea1d2f171f5c16ac84f7,TL_VMFF_571,30R06.00-SIT-230,7,0,0,0,N/A
94813,40S03.00_R2,147560,FARM1,adc-svr-vl603,40S03.00_R2_SysTest,2,556,A,Beta,1,t_VMFF_Rx_CANTCO_Com_Prob_Res.xml,datalinks.vmf.t_VMFF_Rx_CANTCO_Com_Prob_Res.py,8a7436f22e3a78d708e894b901731212ed241c1cc65bea1d2f171f5c16ac84f7,TL_VMFF_571,30R06.00-SIT-230,7,0,0,0,N/A
94814,40S03.00_R2,147572,FARM1,adc-svr-vl541,40S03.00_R2_SysTest,2,578,A,Beta,1,t_VMFF_Rx_CANTCO_Com_Prob_Res.xml,datalinks.vmf.t_VMFF_Rx_CANTCO_Com_Prob_Res.py,8a7436f22e3a78d708e894b901731212ed241c1cc65bea1d2f171f5c16ac84f7,TL_VMFF_571,30R06.00-SIT-230,7,0,0,0,N/A
94815,40S03.00_R2,147485,FARM1,adc-svr-vl601,40S03.00_R2_SysTest,1,533,A,Beta,1,t_VMFF_Rx_CANTCO_Com_Prob_Res.xml,datalinks.vmf.t_VMFF_Rx_CANTCO_Com_Prob_Res.py,8a7436f22e3a78d708e894b901731212ed241c1cc65bea1d2f171f5c16ac84f7,TL_VMFF_571,30R06.00-SIT-230,7,0,0,0,N/A
94816,40S03.00_R2,147421,FARM1,adc-svr-vl545,40S03.00_R2_SysTest,1,556,A,Beta,1,t_VMFF_Rx_CANTCO_Com_Prob_Res.xml,datalinks.vmf.t_VMFF_Rx_CANTCO_Com_Prob_Res.py,8a7436f22e3a78d708e894b901731212ed241c1cc65bea1d2f171f5c16ac84f7,TL_VMFF_571,30R06.00-SIT-230,7,0,0,0,N/A
94817,40S03.00_R2,147415,FARM1,adc-svr-vl507,40S03.00_R2_SysTest,2,560,A,Beta,1,t_VMFF_Rx_CANTCO_Com_Prob_Res.xml,datalinks.vmf.t_VMFF_Rx_CANTCO_Com_Prob_Res.py,8a7436f22e3a78d708e894b901731212ed241c1cc65bea1d2f171f5c16ac84f7,TL_VMFF_571,30R06.00-SIT-230,7,0,0,0,N/A
94818,40S03.00_R2,147563,FARM1,adc-svr-vl605,40S03.00_R2_SysTest,4,552,A,Beta,1,t_VMFF_Rx_CANTCO_Com_Prob_Res.xml,datalinks.vmf.t_VMFF_Rx_CANTCO_Com_Prob_Res.py,8a7436f22e3a78d708e894b901731212ed241c1cc65bea1d2f171f5c16ac84f7,TL_VMFF_571,30R06.00-SIT-230,7,0,0,0,N/A
94819,40S03.00_R2,147410,MVDL6,mvdl6-m01-h01,40S03.00_R2_SysTest,1,554,A,Beta,1,t_VMFF_Rx_CANTCO_Com_Prob_Res.xml,datalinks.vmf.t_VMFF_Rx_CANTCO_Com_Prob_Res.py,8a7436f22e3a78d708e894b901731212ed241c1cc65bea1d2f171f5c16ac84f7,TL_VMFF_571,30R06.00-SIT-230,7,0,0,0,N/A
94820,40S03.00_R2,147543,FARM1,adc-svr-vl613,40S03.00_R2_SysTest,1,540,A,Beta,1,t_VMFF_Rx_CANTCO_Com_Prob_Res.xml,datalinks.vmf.t_VMFF_Rx_CANTCO_Com_Prob_Res.py,8a7436f22e3a78d708e894b901731212ed241c1cc65bea1d2f171f5c16ac84f7,TL_VMFF_571,30R06.00-SIT-230,7,0,0,0,N/A
94821,40S03.00_R2,147408,FARM1,adc-svr-vl601,40S03.00_R2_SysTest,1,538,A,Beta,1,t_VMFF_Rx_CANTCO_Com_Prob_Res.xml,datalinks.vmf.t_VMFF_Rx_CANTCO_Com_Prob_Res.py,8a7436f22e3a78d708e894b901731212ed241c1cc65bea1d2f171f5c16ac84f7,TL_VMFF_571,30R06.00-SIT-230,7,0,0,0,N/A
94822,40S03.00_R2,147538,FARM1,adc-svr-vl603,40S03.00_R2_SysTest,1,558,A,Beta,1,t_VMFF_Rx_CANTCO_Com_Prob_Res.xml,datalinks.vmf.t_VMFF_Rx_CANTCO_Com_Prob_Res.py,8a7436f22e3a78d708e894b901731212ed241c1cc65bea1d2f171f5c16ac84f7,TL_VMFF_571,30R06.00-SIT-230,7,0,0,0,N/A
94823,40S03.00_R2,147526,FARM1,adc-svr-vl547,40S03.00_R2_SysTest,1,532,A,Beta,1,t_VMFF_Rx_CANTCO_Com_Prob_Res.xml,datalinks.vmf.t_VMFF_Rx_CANTCO_Com_Prob_Res.py,8a7436f22e3a78d708e894b901731212ed241c1cc65bea1d2f171f5c16ac84f7,TL_VMFF_571,30R06.00-SIT-230,7,0,0,0,N/A
94824,40S03.00_R2,147555,FARM1,adc-svr-vl601,40S03.00_R2_SysTest,1,539,A,Beta,1,t_VMFF_Rx_CANTCO_Com_Prob_Res.xml,datalinks.vmf.t_VMFF_Rx_CANTCO_Com_Prob_Res.py,8a7436f22e3a78d708e894b901731212ed241c1cc65bea1d2f171f5c16ac84f7,TL_VMFF_571,30R06.00-SIT-230,7,0,0,0,N/A
94825,40S03.00_R2,147473,FARM1,adc-svr-vl615,40S03.00_R2_SysTest,2,534,A,Beta,1,t_VMFF_Rx_CANTCO_Com_Prob_Res.xml,datalinks.vmf.t_VMFF_Rx_CANTCO_Com_Prob_Res.py,8a7436f22e3a78d708e894b901731212ed241c1cc65bea1d2f171f5c16ac84f7,TL_VMFF_571,30R06.00-SIT-230,7,0,0,0,N/A
94826,40S03.00_R2,147575,FARM1,adc-svr-vl615,40S03.00_R2_SysTest,4,538,A,Beta,1,t_VMFF_Rx_CANTCO_Com_Prob_Res.xml,datalinks.vmf.t_VMFF_Rx_CANTCO_Com_Prob_Res.py,8a7436f22e3a78d708e894b901731212ed241c1cc65bea1d2f171f5c16ac84f7,TL_VMFF_571,30R06.00-SIT-230,7,0,0,0,N/A
94827,40S03.00_R2,147506,FARM1,adc-svr-vl549,40S03.00_R2_SysTest,2,561,A,Beta,1,t_VMFF_Rx_CANTCO_Com_Prob_Res.xml,datalinks.vmf.t_VMFF_Rx_CANTCO_Com_Prob_Res.py,8a7436f22e3a78d708e894b901731212ed241c1cc65bea1d2f171f5c16ac84f7,TL_VMFF_571,30R06.00-SIT-230,7,0,0,0,N/A
94828,40S03.00_R2,147513,FARM1,adc-svr-vl623,40S03.00_R2_SysTest,1,555,A,Beta,1,t_VMFF_Rx_CANTCO_Com_Prob_Res.xml,datalinks.vmf.t_VMFF_Rx_CANTCO_Com_Prob_Res.py,8a7436f22e3a78d708e894b901731212ed241c1cc65bea1d2f171f5c16ac84f7,TL_VMFF_571,30R06.00-SIT-230,7,0,0,0,N/A
94829,40S03.00_R2,147475,FARM1,adc-svr-vl619,40S03.00_R2_SysTest,2,550,A,Beta,1,t_VMFF_Rx_CANTCO_Com_Prob_Res.xml,datalinks.vmf.t_VMFF_Rx_CANTCO_Com_Prob_Res.py,8a7436f22e3a78d708e894b901731212ed241c1cc65bea1d2f171f5c16ac84f7,TL_VMFF_571,30R06.00-SIT-230,7,0,0,0,N/A
94830,40S03.00_R2,147518,FARM1,adc-svr-vl535,40S03.00_R2_SysTest,1,553,A,Beta,1,t_VMFF_Rx_CANTCO_Com_Prob_Res.xml,datalinks.vmf.t_VMFF_Rx_CANTCO_Com_Prob_Res.py,8a7436f22e3a78d708e894b901731212ed241c1cc65bea1d2f171f5c16ac84f7,TL_VMFF_571,30R06.00-SIT-230,7,0,0,0,N/A
94831,40S03.00_R2,147591,FARM1,adc-svr-vl605,40S03.00_R2_SysTest,4,537,A,Beta,1,t_VMFF_Rx_CANTCO_Com_Prob_Res.xml,datalinks.vmf.t_VMFF_Rx_CANTCO_Com_Prob_Res.py,8a7436f22e3a78d708e894b901731212ed241c1cc65bea1d2f171f5c16ac84f7,TL_VMFF_571,30R06.00-SIT-230,7,0,0,0,N/A
94832,40S03.00_R2,147435,FARM1,adc-svr-vl535,40S03.00_R2_SysTest,1,538,A,Beta,1,t_VMFF_Rx_CANTCO_Com_Prob_Res.xml,datalinks.vmf.t_VMFF_Rx_CANTCO_Com_Prob_Res.py,8a7436f22e3a78d708e894b901731212ed241c1cc65bea1d2f171f5c16ac84f7,TL_VMFF_571,30R06.00-SIT-230,7,0,0,0,N/A
94833,40S03.00_R2,147447,FARM1,adc-svr-vl613,40S03.00_R2_SysTest,1,546,A,Beta,1,t_VMFF_Rx_CANTCO_Com_Prob_Res.xml,datalinks.vmf.t_VMFF_Rx_CANTCO_Com_Prob_Res.py,8a7436f22e3a78d708e894b901731212ed241c1cc65bea1d2f171f5c16ac84f7,TL_VMFF_571,30R06.00-SIT-230,7,0,0,0,N/A
94834,40S03.00_R2,147546,FARM1,adc-svr-vl503,40S03.00_R2_SysTest,1,571,A,Beta,1,t_VMFF_Rx_CANTCO_Com_Prob_Res.xml,datalinks.vmf.t_VMFF_Rx_CANTCO_Com_Prob_Res.py,8a7436f22e3a78d708e894b901731212ed241c1cc65bea1d2f171f5c16ac84f7,TL_VMFF_571,30R06.00-SIT-230,7,0,0,0,N/A
94835,40S03.00_R2,147449,FARM1,adc-svr-vl507,40S03.00_R2_SysTest,3,534,A,Beta,1,t_VMFF_Rx_CANTCO_Com_Prob_Res.xml,datalinks.vmf.t_VMFF_Rx_CANTCO_Com_Prob_Res.py,8a7436f22e3a78d708e894b901731212ed241c1cc65bea1d2f171f5c16ac84f7,TL_VMFF_571,30R06.00-SIT-230,7,0,0,0,N/A
94836,40S03.00_R2,147523,FARM1,adc-svr-vl503,40S03.00_R2_SysTest,2,539,A,Beta,1,t_VMFF_Rx_CANTCO_Com_Prob_Res.xml,datalinks.vmf.t_VMFF_Rx_CANTCO_Com_Prob_Res.py,8a7436f22e3a78d708e894b901731212ed241c1cc65bea1d2f171f5c16ac84f7,TL_VMFF_571,30R06.00-SIT-230,7,0,0,0,N/A
